-- phpMyAdmin SQL Dump
-- version 3.5.1
-- http://www.phpmyadmin.net
--
-- Host: localhost
-- Generation Time: Jul 24, 2014 at 10:23 PM
-- Server version: 5.5.24-log
-- PHP Version: 5.4.3

SET SQL_MODE="NO_AUTO_VALUE_ON_ZERO";
SET time_zone = "+00:00";


/*!40101 SET @OLD_CHARACTER_SET_CLIENT=@@CHARACTER_SET_CLIENT */;
/*!40101 SET @OLD_CHARACTER_SET_RESULTS=@@CHARACTER_SET_RESULTS */;
/*!40101 SET @OLD_COLLATION_CONNECTION=@@COLLATION_CONNECTION */;
/*!40101 SET NAMES utf8 */;

--
-- Database: `skyrim`
--

-- --------------------------------------------------------

--
-- Table structure for table `effect`
--

CREATE TABLE IF NOT EXISTS `effect` (
  `eid` int(11) NOT NULL AUTO_INCREMENT,
  `e_name` varchar(40) DEFAULT NULL,
  `base_cost` float DEFAULT NULL,
  `base_magnitude` int(11) DEFAULT NULL,
  `base_duration` int(11) DEFAULT NULL,
  `poison` char(1) DEFAULT 'n',
  `specials` char(1) DEFAULT NULL,
  PRIMARY KEY (`eid`)
) ENGINE=InnoDB  DEFAULT CHARSET=latin1 AUTO_INCREMENT=56 ;

--
-- Dumping data for table `effect`
--

INSERT INTO `effect` (`eid`, `e_name`, `base_cost`, `base_magnitude`, `base_duration`, `poison`, `specials`) VALUES
(1, 'Cure Disease', 0.5, 5, 0, 'n', 'y'),
(2, 'Damage Health', 3, 1, 1, 'y', 'y'),
(3, 'Damage Magicka', 2.2, 3, 0, 'y', 'n'),
(4, 'Damage Magicka Regen', 0.5, 100, 5, 'y', 'n'),
(5, 'Damage Stamina', 1.8, 3, 0, 'y', 'y'),
(6, 'Damage Stamina Regen', 0.3, 100, 5, 'y', 'n'),
(7, 'Fear', 5, 1, 3, 'y', 'n'),
(8, 'Fortify Alteration', 0.2, 4, 6, 'n', 'n'),
(9, 'Fortify Barter', 2, 1, 3, 'n', 'n'),
(10, 'Fortify Block', 0.5, 4, 6, 'n', 'y'),
(11, 'Fortify Carry Weight', 0.15, 4, 300, 'n', 'n'),
(12, 'Fortify Conjuration', 0.25, 5, 60, 'n', 'n'),
(13, 'Fortify Destruction', 0.5, 5, 60, 'n', 'y'),
(14, 'Fortify Enchanting', 0.6, 1, 30, 'n', 'n'),
(15, 'Fortify Health', 0.35, 4, 60, 'n', 'y'),
(16, 'Fortify Heavy Armor', 0.5, 2, 60, 'n', 'n'),
(17, 'Fortify Illusion', 0.4, 4, 60, 'n', 'n'),
(18, 'Fortify Light Armor', 0.5, 2, 60, 'n', 'n'),
(19, 'Fortify Lockpicking', 0.5, 2, 30, 'n', 'n'),
(20, 'Fortify Magicka', 0.3, 4, 60, 'n', 'n'),
(21, 'Fortify Marksman', 0.5, 4, 60, 'n', 'n'),
(22, 'Fortify One-handed', 0.5, 4, 60, 'n', 'n'),
(23, 'Fortify Pickpocket', 0.5, 4, 60, 'n', 'n'),
(24, 'Fortify Restoration', 0.5, 4, 60, 'n', 'n'),
(25, 'Fortify Smithing', 0.75, 4, 30, 'n', 'n'),
(26, 'Fortify Sneak', 0.5, 4, 60, 'n', 'n'),
(27, 'Fortify Stamina', 0.3, 4, 60, 'n', 'y'),
(28, 'Fortify Two-handed', 0.5, 4, 60, 'n', 'n'),
(29, 'Frenzy', 15, 1, 10, 'y', 'n'),
(30, 'Invisibility', 100, 0, 4, 'n', 'n'),
(31, 'Lingering Damage Health', 12, 1, 10, 'y', 'n'),
(32, 'Lingering Damage Magicka', 10, 1, 10, 'y', 'n'),
(33, 'Lingering Damage Stamina', 1.8, 1, 10, 'y', 'n'),
(34, 'Paralysis', 500, 0, 1, 'y', 'n'),
(35, 'Ravage Health', 0.4, 2, 10, 'y', 'n'),
(36, 'Ravage Magicka', 1, 2, 10, 'y', 'n'),
(37, 'Ravage Stamina', 1.6, 2, 10, 'n', 'y'),
(38, 'Regenerate Health', 0.1, 5, 300, 'n', 'n'),
(39, 'Regenerate Magicka', 0.1, 5, 300, 'n', 'n'),
(40, 'Regenerate Stamina', 0.1, 5, 300, 'n', 'n'),
(41, 'Resist Fire', 0.5, 3, 60, 'n', 'n'),
(42, 'Resist Frost', 0.5, 3, 60, 'n', 'n'),
(43, 'Resist Magic', 1, 1, 60, 'n', 'n'),
(44, 'Resist Poison', 0.5, 4, 60, 'n', 'y'),
(45, 'Resist Shock', 0.5, 3, 60, 'n', 'n'),
(46, 'Restore Health', 0.5, 5, 0, 'n', 'y'),
(47, 'Restore Magicka', 0.6, 5, 0, 'n', 'n'),
(48, 'Restore Stamina', 0.6, 5, 0, 'n', 'y'),
(49, 'Slow', 1, 50, 5, 'y', 'n'),
(50, 'Waterbreathing', 30, 0, 5, 'n', 'y'),
(51, 'Weakness to Fire', 0.6, 3, 30, 'y', 'n'),
(52, 'Weakness to Frost', 0.5, 3, 30, 'y', 'n'),
(53, 'Weakness to Magic', 1, 2, 30, 'y', 'n'),
(54, 'Weakness to Poison', 1, 2, 30, 'y', 'n'),
(55, 'Weakness to Shock', 0.7, 3, 30, 'y', 'n');

-- --------------------------------------------------------

--
-- Table structure for table `ingredient`
--

CREATE TABLE IF NOT EXISTS `ingredient` (
  `iid` int(11) NOT NULL AUTO_INCREMENT,
  `i_name` varchar(30) DEFAULT NULL,
  `dlc` char(2) DEFAULT NULL,
  PRIMARY KEY (`iid`)
) ENGINE=InnoDB  DEFAULT CHARSET=latin1 AUTO_INCREMENT=112 ;

--
-- Dumping data for table `ingredient`
--

INSERT INTO `ingredient` (`iid`, `i_name`, `dlc`) VALUES
(1, 'Abecean Longfin', NULL),
(2, 'Ancestor Moth Wing', 'DG'),
(3, 'Ash Creep Cluster', 'DB'),
(4, 'Ash Hopper Jelly', 'DB'),
(5, 'Ashen Grass Pod', 'DB'),
(6, 'Bear Claws', NULL),
(7, 'Bee', NULL),
(8, 'Beehive Husk', NULL),
(9, 'Berit''s Ashes', NULL),
(10, 'Bleeding Crown', NULL),
(11, 'Blisterwort', NULL),
(12, 'Blue Butterfly Wing', NULL),
(13, 'Blue Dartwing', NULL),
(14, 'Blue Mountain Flower', NULL),
(15, 'Boar Tusk', 'DB'),
(16, 'Bone Meal', NULL),
(17, 'Briar Heart', NULL),
(18, 'Burnt Spriggan Wood', 'DB'),
(19, 'Butterfly Wing', NULL),
(20, 'Canis Root', NULL),
(21, 'Charred Skeever Hide', NULL),
(22, 'Chaurus Eggs', NULL),
(23, 'Chaurus Hunter Antennae', 'DG'),
(24, 'Chicken''s Egg', NULL),
(25, 'Creep Cluster', NULL),
(26, 'Crimson Nirnroot', NULL),
(27, 'Cyrodilic Spadetail', NULL),
(28, 'Daedra Heart', NULL),
(29, 'Deathbell', NULL),
(30, 'Dragon''s Tongue', NULL),
(31, 'Dwarven Oil', NULL),
(32, 'Ectoplasm', NULL),
(33, 'Elves Ear', NULL),
(34, 'Emperor Parasol Moss', 'DB'),
(35, 'Eye of Sabre Cat', NULL),
(36, 'Falmer Ear', NULL),
(37, 'Felsaad Tern Feathers', 'DB'),
(38, 'Fire Salts', NULL),
(39, 'Fly Amanita', NULL),
(40, 'Frost Mirriam', NULL),
(41, 'Frost Salts', NULL),
(42, 'Garlic', NULL),
(43, 'Giant Lichen', NULL),
(44, 'Giant''s Toe', NULL),
(45, 'Gleamblossom', 'DG'),
(46, 'Glow Dust', NULL),
(47, 'Glowing Mushroom', NULL),
(48, 'Grass Pod', NULL),
(49, 'Hagraven Claw', NULL),
(50, 'Hagraven Feathers', NULL),
(51, 'Hanging Moss', NULL),
(52, 'Hawk Beak', NULL),
(53, 'Hawk Feathers', NULL),
(54, 'Hawk''s Egg', 'HF'),
(55, 'Histcarp', NULL),
(56, 'Honeycomb', NULL),
(57, 'Human Flesh', NULL),
(58, 'Human Heart', NULL),
(59, 'Ice Wraith Teeth', NULL),
(60, 'Imp Stool', NULL),
(61, 'Jarrin Root', NULL),
(62, 'Jazbay Grapes', NULL),
(63, 'Juniper Berries', NULL),
(64, 'Large Antlers', NULL),
(65, 'Lavender', NULL),
(66, 'Luna Moth Wing', NULL),
(67, 'Moon Sugar', NULL),
(68, 'Mora Tapinella', NULL),
(69, 'Mudcrab Chitin', NULL),
(70, 'Namira''s Rot', NULL),
(71, 'Netch Jelly', 'DB'),
(72, 'Nightshade', NULL),
(73, 'Nirnroot', NULL),
(74, 'Nordic Barnacle', NULL),
(75, 'Orange Dartwing', NULL),
(76, 'Pearl', NULL),
(77, 'Pine Thrush Egg', NULL),
(78, 'Poison Bloom', 'DG'),
(79, 'Powdered Mammoth Tusk', NULL),
(80, 'Purple Mountain Flower', NULL),
(81, 'Red Mountain Flower', NULL),
(82, 'River Betty', NULL),
(83, 'Rock Warbler Egg', NULL),
(84, 'Sabre Cat Tooth', NULL),
(85, 'Salmon Roe', 'HF'),
(86, 'Salt Pile', NULL),
(87, 'Scaly Pholiota', NULL),
(88, 'Scathecraw', 'DB'),
(89, 'Silverside Perch', NULL),
(90, 'Skeever Tail', NULL),
(91, 'Slaughterfish Egg', NULL),
(92, 'Slaughterfish Scales', NULL),
(93, 'Small Antlers', NULL),
(94, 'Small Pearl', NULL),
(95, 'Snowberries', NULL),
(96, 'Spawn Ash', 'DB'),
(97, 'Spider Egg', NULL),
(98, 'Spriggan Sap', NULL),
(99, 'Swamp Fungal Pod', NULL),
(100, 'Taproot', NULL),
(101, 'Thistle Branch', NULL),
(102, 'Torchbug Thorax', NULL),
(103, 'Trama Root', 'DB'),
(104, 'Troll Fat', NULL),
(105, 'Tundra Cotton', NULL),
(106, 'Vampire Dust', NULL),
(107, 'Void Salts', NULL),
(108, 'Wheat', NULL),
(109, 'White Cap', NULL),
(110, 'Wisp Wrappings', NULL),
(111, 'Yellow Mountain Flower', 'DG');

-- --------------------------------------------------------

--
-- Table structure for table `ingredient_effect`
--

CREATE TABLE IF NOT EXISTS `ingredient_effect` (
  `iid` int(11) NOT NULL,
  `eid` int(11) NOT NULL,
  `effect_order` int(11) NOT NULL,
  `magnitude_modifier` float DEFAULT '1',
  `gold_modifier` float DEFAULT '1',
  PRIMARY KEY (`iid`,`eid`),
  KEY `eid` (`eid`)
) ENGINE=InnoDB DEFAULT CHARSET=latin1;

--
-- Dumping data for table `ingredient_effect`
--

INSERT INTO `ingredient_effect` (`iid`, `eid`, `effect_order`, `magnitude_modifier`, `gold_modifier`) VALUES
(1, 24, 4, 1, 1),
(1, 26, 2, 1, 1),
(1, 52, 1, 1, 1),
(1, 54, 3, 1, 1),
(2, 4, 3, 1, 1),
(2, 5, 1, 1, 1),
(2, 12, 2, 1, 1),
(2, 14, 4, 1, 1),
(3, 5, 1, 1, 1),
(3, 13, 4, 1, 1),
(3, 30, 2, 1, 1),
(3, 41, 3, 1, 1),
(4, 18, 2, 1, 1),
(4, 45, 3, 1, 1),
(4, 46, 1, 1, 1),
(4, 52, 4, 1, 1),
(5, 19, 3, 1, 1),
(5, 26, 4, 1, 1),
(5, 41, 1, 1, 1),
(5, 55, 2, 1, 1),
(6, 4, 4, 1, 1),
(6, 15, 2, 1, 1),
(6, 22, 3, 1, 1),
(6, 48, 1, 0.8, 1),
(7, 37, 2, 1, 1),
(7, 40, 3, 1, 1),
(7, 48, 1, 1, 1),
(7, 55, 4, 1, 1),
(8, 13, 4, 1, 1),
(8, 18, 2, 1, 1),
(8, 26, 3, 1, 1),
(8, 44, 1, 0.5, 1),
(9, 5, 1, 1, 1),
(9, 12, 3, 1, 1),
(9, 37, 4, 1, 1),
(9, 41, 2, 1, 1),
(10, 10, 2, 1, 1),
(10, 43, 4, 1, 1),
(10, 51, 1, 1, 1),
(10, 54, 3, 1, 1),
(11, 5, 1, 1, 1),
(11, 25, 4, 1, 1),
(11, 29, 2, 1, 1),
(11, 46, 3, 0.6, 1),
(12, 4, 3, 1, 1),
(12, 5, 1, 1, 1),
(12, 12, 2, 1, 1),
(12, 14, 4, 1, 1),
(13, 7, 4, 1, 1),
(13, 23, 2, 1, 1),
(13, 45, 1, 1, 1),
(13, 46, 3, 1, 1),
(14, 4, 4, 1, 1),
(14, 12, 2, 1, 1),
(14, 15, 3, 1, 1),
(14, 46, 1, 1, 1),
(15, 10, 3, 1, 1),
(15, 15, 2, 1, 5.9),
(15, 27, 1, 1.25, 5.9),
(15, 29, 4, 1, 1),
(16, 5, 1, 1, 1),
(16, 12, 3, 1, 1),
(16, 37, 4, 1, 1),
(16, 41, 2, 1, 1),
(17, 10, 2, 0.5, 1),
(17, 20, 4, 1, 1),
(17, 34, 3, 1, 1),
(17, 47, 1, 1, 1),
(18, 4, 3, 1, 1),
(18, 8, 2, 1, 1),
(18, 49, 4, 1, 1),
(18, 51, 1, 1, 1),
(19, 3, 4, 1, 1),
(19, 9, 2, 1, 1),
(19, 33, 3, 1, 1),
(19, 46, 1, 1, 1),
(20, 5, 1, 1, 1),
(20, 21, 3, 1, 1),
(20, 22, 2, 1, 1),
(20, 34, 4, 1, 1),
(21, 1, 2, 1, 0.36),
(21, 44, 3, 1, 1),
(21, 46, 4, 1, 1),
(21, 48, 1, 1, 1),
(22, 3, 3, 1, 1),
(22, 27, 2, 1, 1),
(22, 30, 4, 1, 1),
(22, 54, 1, 1, 1),
(23, 4, 3, 1, 1),
(23, 5, 1, 1, 1),
(23, 12, 2, 1, 1),
(23, 14, 4, 1, 1),
(24, 4, 2, 1, 1),
(24, 33, 4, 1, 1),
(24, 43, 1, 1, 1),
(24, 50, 3, 1, 1),
(25, 6, 2, 1, 1),
(25, 11, 3, 1, 1),
(25, 47, 1, 1, 1),
(25, 53, 4, 1, 1),
(26, 2, 1, 18, 3.3),
(26, 5, 2, 3, 1),
(26, 30, 3, 1, 1),
(26, 43, 4, 1, 1),
(27, 5, 1, 1, 1),
(27, 7, 3, 1, 1),
(27, 24, 2, 1, 1),
(27, 35, 4, 1, 1),
(28, 3, 3, 1, 1),
(28, 6, 2, 1, 1),
(28, 7, 4, 1, 1),
(28, 46, 1, 1, 1),
(29, 2, 1, 4.5, 1.6),
(29, 37, 2, 1, 2.1),
(29, 49, 3, 1, 1),
(29, 54, 4, 1, 1),
(30, 9, 2, 1, 1),
(30, 17, 3, 1, 1),
(30, 28, 4, 1, 1),
(30, 41, 1, 1, 1),
(31, 17, 2, 1, 1),
(31, 39, 3, 1, 1),
(31, 47, 4, 1, 1),
(31, 53, 1, 1, 1),
(32, 2, 4, 2, 1),
(32, 13, 2, 0.8, 1),
(32, 20, 3, 1, 1),
(32, 47, 1, 1, 1),
(33, 21, 2, 1, 1),
(33, 41, 4, 1, 1),
(33, 47, 1, 1, 1),
(33, 52, 3, 1, 1),
(34, 2, 1, 4.5, 19.7),
(34, 20, 2, 1, 1),
(34, 28, 4, 1, 1),
(34, 38, 3, 1, 1),
(35, 3, 3, 1, 1),
(35, 35, 2, 1, 1),
(35, 46, 4, 1, 1),
(35, 48, 1, 1, 1),
(36, 2, 1, 2, 1),
(36, 19, 4, 1, 1),
(36, 29, 2, 1, 1),
(36, 44, 3, 1, 1),
(37, 1, 3, 1, 1),
(37, 18, 2, 1, 1),
(37, 43, 4, 1, 1),
(37, 46, 1, 1, 1),
(38, 39, 4, 1, 1),
(38, 41, 2, 1, 1),
(38, 47, 3, 1, 1),
(38, 52, 1, 1, 1),
(39, 28, 2, 1, 1),
(39, 29, 3, 1, 1),
(39, 40, 4, 1, 1),
(39, 41, 1, 1, 1),
(40, 6, 4, 1, 1),
(40, 26, 2, 1, 1),
(40, 36, 3, 1, 1),
(40, 42, 1, 1, 1),
(41, 12, 4, 1, 1),
(41, 42, 2, 1, 1),
(41, 47, 3, 1, 1),
(41, 51, 1, 1, 1),
(42, 27, 2, 1, 1),
(42, 38, 4, 1, 1),
(42, 39, 3, 1, 1),
(42, 44, 1, 1, 1),
(43, 35, 2, 1, 1),
(43, 47, 4, 1, 1),
(43, 54, 3, 1, 1),
(43, 55, 1, 1, 1),
(44, 5, 1, 1, 1),
(44, 6, 4, 1, 1),
(44, 11, 3, 1, 1),
(44, 15, 2, 1, 5.9),
(45, 7, 2, 1, 1),
(45, 34, 4, 1, 1),
(45, 38, 3, 1, 1),
(45, 43, 1, 1, 1),
(46, 3, 1, 1, 1),
(46, 4, 2, 1, 1),
(46, 13, 3, 1, 1),
(46, 45, 4, 1, 1),
(47, 13, 2, 1, 1),
(47, 15, 4, 1, 1),
(47, 25, 3, 1, 1),
(47, 45, 1, 1, 1),
(48, 8, 3, 1, 1),
(48, 36, 2, 1, 1),
(48, 44, 1, 1, 1),
(48, 47, 4, 1, 1),
(49, 9, 4, 1, 1),
(49, 14, 3, 1, 1),
(49, 32, 2, 1, 1),
(49, 43, 1, 1, 1),
(50, 3, 1, 1, 1),
(50, 12, 2, 1, 1),
(50, 29, 3, 1, 1),
(50, 55, 4, 1, 1),
(51, 3, 1, 1, 1),
(51, 4, 3, 1, 1),
(51, 15, 2, 1, 1),
(51, 22, 4, 1, 1),
(52, 11, 3, 1, 1),
(52, 42, 2, 1, 1),
(52, 45, 4, 1, 1),
(52, 48, 1, 1, 1),
(53, 1, 1, 1, 0.36),
(53, 18, 2, 1, 1),
(53, 22, 3, 1, 1),
(53, 26, 4, 1, 1),
(54, 4, 2, 1, 1),
(54, 33, 4, 1, 1),
(54, 43, 1, 1, 1),
(54, 50, 3, 1, 1),
(55, 6, 3, 1, 1),
(55, 20, 2, 1, 1),
(55, 48, 1, 1, 1),
(55, 50, 4, 1, 1),
(56, 10, 2, 0.5, 1),
(56, 18, 3, 1, 1),
(56, 37, 4, 1, 1),
(56, 48, 1, 1, 1),
(57, 2, 1, 2, 1),
(57, 26, 4, 1, 1),
(57, 34, 2, 1, 1),
(57, 47, 3, 1, 1),
(58, 2, 1, 2, 1),
(58, 3, 2, 1, 1),
(58, 4, 3, 1, 1),
(58, 29, 4, 1, 1),
(59, 16, 2, 1, 1),
(59, 30, 3, 1, 1),
(59, 51, 4, 1, 1),
(59, 52, 1, 1, 1),
(60, 2, 1, 2, 1),
(60, 31, 2, 1, 1),
(60, 34, 3, 1, 1),
(60, 46, 4, 0.6, 1),
(61, 2, 1, 20000, 158),
(61, 3, 2, 1, 1),
(61, 4, 4, 1, 1),
(61, 5, 3, 1, 1),
(62, 20, 2, 1, 1),
(62, 35, 4, 1, 1),
(62, 39, 3, 1, 1),
(62, 53, 1, 1, 1),
(63, 6, 4, 1, 1),
(63, 21, 2, 1, 1),
(63, 38, 3, 1, 1),
(63, 51, 1, 1, 1),
(64, 6, 4, 1, 1),
(64, 27, 2, 1, 1),
(64, 48, 1, 1, 1),
(64, 49, 3, 1, 1),
(65, 12, 4, 1, 1),
(65, 27, 2, 1, 1),
(65, 36, 3, 1, 1),
(65, 43, 1, 1, 1),
(66, 3, 1, 1, 1),
(66, 18, 2, 1, 1),
(66, 30, 4, 1, 1),
(66, 38, 3, 1, 1),
(67, 39, 4, 1, 1),
(67, 42, 2, 1, 1),
(67, 47, 3, 1, 1),
(67, 51, 1, 1, 1),
(68, 17, 4, 1, 1),
(68, 31, 2, 1, 1),
(68, 40, 3, 1, 1),
(68, 47, 1, 1, 1),
(69, 1, 2, 1, 1),
(69, 41, 4, 1, 1),
(69, 44, 3, 1, 1),
(69, 48, 1, 1, 1),
(70, 3, 1, 1, 1),
(70, 7, 3, 1, 1),
(70, 19, 2, 1, 1),
(70, 38, 4, 1, 1),
(71, 7, 4, 1, 1),
(71, 11, 2, 1, 1),
(71, 34, 1, 1, 1),
(71, 48, 3, 2, 1),
(72, 2, 1, 2, 1),
(72, 4, 2, 1, 1),
(72, 13, 4, 0.8, 1),
(72, 33, 3, 1, 1),
(73, 2, 1, 2, 12.6),
(73, 5, 2, 1, 1),
(73, 30, 3, 1, 1),
(73, 43, 4, 1, 1),
(74, 3, 1, 1, 1),
(74, 23, 4, 1, 1),
(74, 38, 3, 1, 1),
(74, 50, 2, 1, 1),
(75, 23, 3, 1, 1),
(75, 31, 4, 1, 1),
(75, 36, 2, 1, 1),
(75, 48, 1, 1, 1),
(76, 10, 2, 1, 1),
(76, 45, 4, 1, 1),
(76, 47, 3, 1, 1),
(76, 48, 1, 1, 1),
(77, 19, 2, 1, 1),
(77, 45, 4, 1, 1),
(77, 48, 1, 1, 1),
(77, 54, 3, 1, 1),
(78, 2, 1, 4.5, 1.6),
(78, 7, 4, 1, 1),
(78, 11, 3, 1, 1),
(78, 49, 2, 1, 1),
(79, 7, 4, 1, 1),
(79, 26, 2, 1, 1),
(79, 48, 1, 1, 1),
(79, 51, 3, 1, 1),
(80, 26, 2, 1, 1),
(80, 32, 3, 1, 1),
(80, 42, 4, 1, 1),
(80, 48, 1, 1, 1),
(81, 2, 4, 2, 1),
(81, 20, 3, 1, 1),
(81, 36, 2, 1, 1),
(81, 47, 1, 1, 1),
(82, 2, 1, 12.5, 1),
(82, 8, 2, 1, 1),
(82, 11, 4, 1, 1),
(82, 49, 3, 1, 1),
(83, 5, 3, 1, 1),
(83, 22, 2, 1, 1),
(83, 46, 1, 1, 1),
(83, 53, 4, 1, 1),
(84, 16, 2, 1, 1),
(84, 25, 3, 1, 1),
(84, 48, 1, 1, 1),
(84, 54, 4, 1, 1),
(85, 20, 3, 1, 1),
(85, 39, 4, 1, 1),
(85, 48, 1, 1, 1),
(85, 50, 2, 1, 15.4),
(86, 24, 2, 1, 1),
(86, 39, 4, 1, 1),
(86, 49, 3, 1, 1),
(86, 53, 1, 1, 1),
(87, 11, 4, 1, 1),
(87, 17, 2, 1, 1),
(87, 40, 3, 1, 1),
(87, 53, 1, 1, 1),
(88, 31, 4, 1, 1),
(88, 35, 1, 1, 1),
(88, 36, 3, 1, 1),
(88, 37, 2, 1, 1),
(89, 6, 2, 1, 1),
(89, 35, 3, 1, 1),
(89, 42, 4, 1, 1),
(89, 48, 1, 0.4, 1),
(90, 2, 3, 2, 1),
(90, 6, 1, 1, 1),
(90, 18, 4, 1, 1),
(90, 35, 2, 1, 1),
(91, 23, 2, 1, 1),
(91, 27, 4, 1, 1),
(91, 31, 3, 1, 1),
(91, 44, 1, 1, 1),
(92, 10, 4, 1, 1),
(92, 16, 3, 1, 1),
(92, 31, 2, 1, 1),
(92, 42, 1, 1, 1),
(93, 2, 4, 2, 1),
(93, 24, 2, 1, 1),
(93, 33, 3, 1, 1),
(93, 54, 1, 1, 1),
(94, 22, 2, 1, 1),
(94, 24, 3, 1, 1),
(94, 42, 4, 1, 1),
(94, 48, 1, 1, 1),
(95, 14, 2, 1, 1),
(95, 41, 1, 1, 1),
(95, 42, 3, 1, 1),
(95, 45, 4, 1, 1),
(96, 14, 3, 1, 1),
(96, 36, 4, 1, 1),
(96, 37, 1, 1, 1),
(96, 41, 2, 1, 1),
(97, 4, 2, 1, 1),
(97, 5, 1, 1, 1),
(97, 19, 3, 1, 1),
(97, 21, 4, 1, 1),
(98, 4, 1, 1, 1),
(98, 8, 4, 1, 1),
(98, 14, 2, 1, 1),
(98, 25, 3, 1, 1),
(99, 32, 2, 1, 1),
(99, 34, 3, 1, 1),
(99, 45, 1, 1, 1),
(99, 46, 4, 1, 1),
(100, 17, 2, 1, 1),
(100, 39, 3, 1, 1),
(100, 47, 4, 1, 1),
(100, 53, 1, 1, 1),
(101, 16, 4, 1, 1),
(101, 37, 2, 1, 1),
(101, 42, 1, 1, 1),
(101, 44, 3, 0.75, 1),
(102, 27, 4, 1, 1),
(102, 32, 2, 1, 1),
(102, 48, 1, 1, 1),
(102, 53, 3, 1, 1),
(103, 3, 3, 1, 1),
(103, 11, 2, 1, 1),
(103, 49, 4, 1, 1),
(103, 55, 1, 1, 1),
(104, 2, 4, 2, 1),
(104, 28, 2, 1, 1),
(104, 29, 3, 1, 1),
(104, 44, 1, 1, 1),
(105, 9, 4, 1, 1),
(105, 10, 3, 1, 1),
(105, 20, 2, 1, 1),
(105, 43, 1, 1, 1),
(106, 1, 4, 1, 1),
(106, 30, 1, 1, 1),
(106, 38, 3, 1, 1),
(106, 47, 2, 1, 1),
(107, 2, 3, 2, 1),
(107, 20, 4, 1, 1),
(107, 43, 2, 1, 1),
(107, 55, 1, 1, 1),
(108, 6, 3, 1, 1),
(108, 15, 2, 1, 1),
(108, 32, 4, 1, 1),
(108, 46, 1, 1, 1),
(109, 16, 2, 1, 1),
(109, 36, 4, 1, 1),
(109, 47, 3, 1, 1),
(109, 52, 1, 1, 1),
(110, 11, 3, 1, 1),
(110, 13, 2, 1, 1),
(110, 43, 4, 1, 1),
(110, 48, 1, 1, 1),
(111, 6, 4, 1, 1),
(111, 15, 3, 1, 1),
(111, 24, 2, 1, 1),
(111, 44, 1, 1, 1);

--
-- Constraints for dumped tables
--

--
-- Constraints for table `ingredient_effect`
--
ALTER TABLE `ingredient_effect`
  ADD CONSTRAINT `ingredient_effect_ibfk_1` FOREIGN KEY (`iid`) REFERENCES `ingredient` (`iid`),
  ADD CONSTRAINT `ingredient_effect_ibfk_2` FOREIGN KEY (`eid`) REFERENCES `effect` (`eid`);

/*!40101 SET CHARACTER_SET_CLIENT=@OLD_CHARACTER_SET_CLIENT */;
/*!40101 SET CHARACTER_SET_RESULTS=@OLD_CHARACTER_SET_RESULTS */;
/*!40101 SET COLLATION_CONNECTION=@OLD_COLLATION_CONNECTION */;
